Ca,P,pH,SOC,Sand
0.0151958223104324,-0.16238268613408,0.114562421110451,1.0721177747657,-1.12039423633682
-0.416077753972569,-0.186591947758085,-0.100553011205624,-0.412483154640149,0.999524746157228
-0.495332589587285,-0.345681381287262,-0.175375770272085,-0.826608677053358,1.62370196901006
-0.340293933056307,-0.311096721824398,-0.830074912103617,-0.553129558478597,0.565645457100995
-0.499960609185225,0.155796180924273,-0.886191981403463,-0.107749279656844,0.94243536601825
-0.333062652434526,-0.311096721824398,-0.764604997920464,0.173543528020053,-0.823529459614137
-0.389466641284416,-0.217718141274663,-0.568195255371004,-0.217140927086748,0.49333224225829
-0.488390560190376,-0.273053596415247,-0.633665169554157,-0.756285475134134,1.7607164813436
-0.217651413710906,-0.186591947758085,-0.175375770272085,0.345444688267045,-0.378232294530108
-0.322649608339162,-0.27997052830782,0.918907081074905,-0.396855776435877,1.18601672127789
-0.493597082238058,-0.155465754241507,-1.44736267440192,-0.248395683495292,-0.0014423856128531
-0.321203352214806,-0.248844334791242,0.254855094360065,-0.0608671450440278,-0.130844980594537
-0.272030643986697,-0.404475302374132,-0.46531396165462,-0.201513548882476,-1.35255771556867
-0.320914100989935,-0.314555187770684,-0.998426120003154,-0.623452760397821,-0.328754831742994
-0.344921952654247,-0.338764449394689,-0.989073275119846,0.751756521578118,-0.888230757104979
-0.401036690279265,-0.311096721824398,0.0303868171606826,-0.654707516806365,1.75310456399174
-0.485208796716792,0.0347498728042476,-0.66172370420408,-0.248395683495292,0.181243630831876
-0.351863982051156,0.0935437938911173,-0.325021288405006,-0.474992667457237,0.71788380413827
-0.428804807866903,-0.245385868844955,-0.39049120258816,-0.2718367508017,-0.610395773761952
-0.374136326366241,-0.131256492617502,-0.137964390738855,-0.435924221946557,0.721689762814202
-0.315418327717381,-0.335305983448403,0.544793285742601,-0.592198003989277,0.73691359751793
-0.390912897408772,-0.0067517185511898,0.105209576227143,-0.428110532844421,1.01855453953689
-0.446159881359176,-0.324930585609544,0.217443714826835,-0.795353920644814,1.66556751444531
0.0195345906835008,-0.100130299100924,1.46137208430675,-0.771912853338406,0.299228349785764
-0.469010728124003,-0.342222915340976,-0.278257063988468,-0.68596227321491,0.908181737934864
-0.457151427904283,-0.117422628832356,0.488676216442755,-0.670334895010637,1.38012061375042
-0.497935850611126,-0.338764449394689,-1.11066025860285,-0.576570625785005,-0.838753294317865
0.13234256838328,-0.311096721824398,0.226796559710142,0.282935175449957,-0.751216244771432
-0.31512907649251,0.0866268619985444,0.114562421110451,-0.373414709129469,0.908181737934864
-0.495621840812156,0.238799363635148,-0.530783875837774,-0.600011693091413,1.76832839869547
-0.0064980195549097,-0.359515245072408,-0.0257302521391634,-0.68596227321491,0.927211531314523
-0.328723884061458,-0.238468936952382,0.451264836909525,-0.717217029623454,1.19362863862975
-0.466407467100162,-0.324930585609544,-0.942309050703308,-0.615639071295685,0.687436134730815
-0.367772799419074,-0.311096721824398,-0.409196892354775,-0.717217029623454,1.62370196901006
-0.527439475547991,-0.0378779120677679,-1.21354155231923,-0.654707516806365,2.25168515053881
-0.308765549545343,-0.369890642911267,-0.727193618387234,0.103220326100829,-1.0823346495775
-0.511241406955203,-0.100130299100924,-1.054543189303,-0.717217029623454,1.44101595256532
-0.407110966001561,-0.0966718331546376,0.498029061326063,-0.600011693091413,1.78735819207513
-0.490993821214217,0.11083612362255,-1.37253991533546,-0.15463141426966,0.607511002536246
-0.0903808747675658,-0.414850700212991,-0.1940814600387,0.314189931858501,-1.28405045940189
-0.0412081665394571,-0.342222915340976,-0.1940814600387,1.28308738052337,-1.2612147073463
-0.429094059091774,-0.10358876504721,0.0303868171606826,-0.334346263618789,1.32303123361144
-0.471613989147844,-0.0724625715306324,-1.36318707045215,0.165729838917917,-0.983379724003276
0.39613968546584,-0.380266040750127,-0.184728615155393,0.251680419041413,-0.975767806651412
-0.515580175328271,-0.134714958563789,-0.811369222337002,-0.318718885414516,-0.0166662203165809
-0.47768826487014,-0.352598313179835,-0.951661895586615,0.0797792587944207,-1.04046910414225
-0.404796956202591,-0.16238268613408,0.628968889692369,-0.420296843742285,1.05280816762027
-0.159801168736661,-0.345681381287262,1.58295906778974,-0.521874802070053,-0.446739550696882
-0.239056004351377,-0.321472119663257,0.180032335293604,-0.646893827704229,-0.146068815298264
-0.398722680480295,-0.22117660722095,-0.0444359419057783,-0.498433734763645,0.455272655498971
-0.27260914643644,-0.318013653716971,1.25560949687398,-0.693775962317046,0.911987696610795
0.311678327803441,0.283759420936872,1.39590217012359,-0.482806356559373,-0.690320905956522
-0.122777011953143,0.0278329409116747,0.816025787358521,-0.576570625785005,-0.895842674456843
0.0542447376680482,-0.224635073167236,1.5268419984899,-0.217140927086748,0.421019027415584
0.0658147866628973,-0.335305983448403,-0.0818473214390087,0.68924700876103,-1.04046910414225
-0.44239961543585,-0.124339560724929,-1.12001310348615,-0.15463141426966,0.470496490202699
-0.0660837718783827,-0.352598313179835,0.74120302829206,-0.357787330925197,-0.888230757104979
-0.263931609690303,-0.300721323985538,-0.502725341187851,0.423581579288406,-1.07472273222564
-0.485787299166535,-0.390641438588986,-0.250198529338545,-0.701589651419182,0.455272655498971
-0.462647201176836,0.290676352829445,-0.325021288405006,-0.420296843742285,2.12989447290899
-0.303848278722532,-0.338764449394689,-0.521431030954466,0.0954066369986926,-1.20031936853139
-0.489547565089861,-0.293804392092965,-0.0818473214390087,-0.646893827704229,0.546615663721336
-0.49880360428574,-0.331847517502116,-0.689782238854003,-0.748471786031998,1.82922373751038
-0.43516833481407,-0.0759210374769189,0.0584453518106048,-0.615639071295685,1.19743459730569
-0.501406865309581,-0.148548822348934,-0.42790258212139,-0.474992667457237,0.573257374452859
-0.372690070241884,-0.193508879650658,0.0677981966939131,-0.732844407827726,1.34967294434296
-0.433722078689714,-0.131256492617502,-1.01713180976977,0.525159537616174,-0.0280840963443764
-0.266245619489273,-0.414850700212991,-0.474666806537928,-0.365601020027333,-1.34875175689274
-0.442688866660722,-0.352598313179835,0.339030698309834,-0.787540231542678,1.66176155576937
-0.504299377558293,-0.338764449394689,-1.28836431138569,-0.670334895010637,-0.100397311187082
-0.492440077338573,-0.273053596415247,-0.923603360936693,-0.568756936682869,0.938629407342318
-0.4539696644307,-0.255761266683814,-0.85813344675354,-0.701589651419182,0.801614895008771
-0.453391161980957,-0.248844334791242,-1.37253991533546,1.27527369142123,-1.21173724455919
-0.38802038516006,-0.352598313179835,-0.914250516053385,0.150102460713645,-0.492411054808064
-0.516737180227756,-0.342222915340976,-1.19483586255261,-0.740658096929862,-0.0737556004555589
-0.274633905010538,-0.196967345596945,-0.69913508373731,0.384513133777725,-0.968155889299548
-0.256411077843651,-0.241927402898669,0.498029061326063,-0.514061112967917,0.0251993251186697
-0.18785853754917,-0.352598313179835,-0.0631416316723939,-0.615639071295685,-0.237411823520629
-0.015754058750789,-0.380266040750127,0.722497338525445,-0.474992667457237,-1.42487093041137
-0.378185843514438,-0.293804392092965,-0.455961116771313,-0.318718885414516,-0.762634120799227
0.203209118476731,-0.331847517502116,0.348383543193141,1.2674600023191,-0.91106650916057
-0.420127271120766,-0.335305983448403,-0.530783875837774,-0.68596227321491,1.57041854754701
-0.490704569989345,-0.304179789931825,-0.184728615155393,-0.80316760974695,1.69601518385276
-0.46120094505248,-0.255761266683814,-0.93295620582,-0.701589651419182,1.79877606810292
-0.515869426553142,-0.235010471006096,-0.848780601870232,-0.72503071872559,1.70743305988056
-0.503720875108551,-0.203884277489518,-0.923603360936693,-0.756285475134134,1.46385170462092
-0.174552981205093,-0.394099904535273,1.29302087640721,-0.693775962317046,-0.347784625122653
-0.404218453752848,-0.293804392092965,0.226796559710142,-0.748471786031998,1.6769853904731
-0.337112169582723,-0.266136664522674,0.198738025060219,0.0094560568751964,0.401989234035925
-0.491572323663959,-0.200425811543231,-0.549489565604389,-0.76409916423627,1.32303123361144
0.208704891749284,-0.321472119663257,0.0677981966939131,0.993980883744335,-1.23457299661478
-0.447606137483533,-0.228093539113523,-0.287609908871776,-0.600011693091413,0.65698846532336
-0.46120094505248,-0.238468936952382,-0.904897671170077,0.204798284428597,-1.13561807104055
-0.193354310821723,-0.342222915340976,-0.343726978171622,-0.0530534559418918,-1.20793128588326
-0.301823520148434,-0.262678198576387,-0.0631416316723939,-0.0686808341461638,-0.511440848187724
-0.502563870209066,-0.345681381287262,-1.04519034441969,-0.748471786031998,-0.0623377244277631
-0.332194898759913,-0.318013653716971,-0.577548100254312,-0.318718885414516,2.1184765968812
-0.269716634187727,-0.231552005059809,-0.15667008050547,-0.537502180274325,0.451466696823039
-0.210998635538868,-0.183133481811799,0.750555873175368,-0.178072481576068,0.284004515082037
-0.477977516095011,-0.356056779126122,-1.13871879325277,-0.0061713213290756,-0.964349930623616
-0.317732337516351,-0.27997052830782,-1.27901146650238,0.220425662632869,-0.846365211669728
-0.44239961543585,-0.307638255878111,0.151973800643681,-0.576570625785005,1.12512138246298
-0.0192250734492437,-0.324930585609544,0.282913629009987,0.775197588884527,-1.15845382309614
-0.455705171779927,-0.22117660722095,-0.614959479787542,-0.654707516806365,0.752137432221657
-0.478845269769625,-0.134714958563789,-0.46531396165462,-0.537502180274325,0.455272655498971
-0.446449132584048,-0.331847517502116,0.0490925069272974,-0.818794987951222,1.79497010942699
-0.427069300517675,-0.359515245072408,0.619616044809061,-0.740658096929862,1.04900220894434
-0.413763744173599,-0.352598313179835,-0.222139994688623,-0.771912853338406,1.12512138246298
-0.221122428409361,-0.131256492617502,0.0771510415772205,0.400140511981997,-0.484799137456201
-0.365458789620104,-0.373349108857554,-0.502725341187851,-0.732844407827726,1.70362710120462
-0.464961210975806,-0.356056779126122,-0.493372496304543,-0.795353920644814,1.68079134914903
-0.165586193234085,-0.273053596415247,-0.717840773503925,0.423581579288406,-0.846365211669728
-0.322360357114291,-0.362973711018695,-0.100553011205624,-0.740658096929862,0.519973952989813
-0.318600091190965,-0.314555187770684,-0.203434304922007,0.204798284428597,0.314452184489492
-0.33161639631017,-0.245385868844955,-0.287609908871776,-0.170258792473932,0.158407878776285
-0.4941755846878,-0.127798026671216,-0.296962753755084,-0.631266449499957,1.48288149800058
-0.484919545491921,-0.345681381287262,-1.06389603418631,-0.287464129005972,-0.610395773761952
-0.44702763503379,-0.369890642911267,-1.18548301766931,0.447022646594814,-1.21173724455919
-0.406821714776689,-0.27997052830782,-0.306315598638391,-0.23276830529102,0.0328112424705336
-0.381656858212893,-0.335305983448403,0.367089232959756,-0.623452760397821,1.26213589479653
-0.204924359816572,-0.356056779126122,-0.0631416316723939,-0.342159952720925,-0.800693707558546
-0.460911693827609,-0.338764449394689,-0.250198529338545,-0.623452760397821,0.816838729712499
-0.494464835912671,-0.338764449394689,-0.848780601870232,-0.779726542440542,1.21265843200941
-0.17137121773151,-0.262678198576387,1.27431518664059,-0.748471786031998,0.0594529532020565
-0.208973876964769,-0.397558370481559,-0.381138357704852,-0.506247423865781,-1.32211004616121
-0.383970868011862,-0.324930585609544,0.498029061326063,-0.654707516806365,1.71123901855649
0.479444038228753,-0.321472119663257,1.39590217012359,-0.0686808341461638,-0.926290343864298
-0.342607942855277,-0.390641438588986,-0.0070245623725478,-0.623452760397821,0.43243690344338
-0.180048754477647,-0.324930585609544,-0.418549737238083,-0.139004036065388,-0.519052765539587
-0.237898999451892,-0.297262858039252,0.694438803875522,-0.732844407827726,0.478108407554562
0.0050720294399394,-0.145090356402648,-0.119258700972239,0.837707101701615,-0.568530228326702
-0.41405299539847,-0.397558370481559,-0.250198529338545,-0.506247423865781,0.0175874077668062
-0.361409272471907,-0.241927402898669,0.787967252708598,-0.107749279656844,-0.450545509372814
-0.23037846760524,-0.290345926146679,-0.147317235622162,-0.209327237984612,1.75310456399174
-0.313393569143283,-0.335305983448403,0.0210339722773752,0.579855361331126,-0.180322443381651
-0.142446095244387,-0.397558370481559,0.423206302259602,-0.412483154640149,-0.678903029928726
-0.463225703626579,-0.248844334791242,-0.811369222337002,-0.68596227321491,0.664600382675224
-0.499960609185225,-0.345681381287262,-0.942309050703308,0.978353505540063,-0.933902261216161
-0.280129678283091,-0.155465754241507,0.0303868171606826,-0.459365289252965,0.965271118073841
-0.295749244426138,-0.366432176964981,0.872142856658366,-0.701589651419182,1.27355377082432
-0.372111567792142,-0.186591947758085,-0.820722067220309,-0.506247423865781,1.4143742418338
0.0137495661860763,-0.32838905155583,1.01243552990798,-0.373414709129469,-0.0166662203165809
-0.45165565463173,-0.311096721824398,-0.586900945137619,-0.576570625785005,0.539003746369472
-0.351574730826285,-0.362973711018695,0.647674579458984,-0.76409916423627,1.62370196901006
-0.464961210975806,-0.331847517502116,-0.0163774072558552,-0.545315869376461,0.645570589295565
-0.250915304571097,-0.359515245072408,0.591557510159138,-0.396855776435877,-0.184128402057583
-0.426490798067933,-0.273053596415247,0.0490925069272974,-0.451551600150829,0.809226812360635
-0.503142372658808,-0.32838905155583,-1.176130172786,-0.693775962317046,-0.127039021918605
-0.415210000297955,-0.321472119663257,-0.0818473214390087,-0.498433734763645,0.329676019193219
-0.227196704131657,-0.307638255878111,-0.484019651421235,-0.209327237984612,-0.960543971947684
-0.439217851962267,-0.100130299100924,-0.315668443521699,-0.467178978355101,1.72265689458428
-0.467853723224518,-0.245385868844955,-0.577548100254312,-0.428110532844421,-0.130844980594537
-0.456283674229669,-0.349139847233549,-1.07324887906961,-0.224954616188884,-0.0052483442887851
-0.501696116534452,-0.22117660722095,-0.998426120003154,0.126661393407237,-0.32114291439113
-0.320335598540192,-0.196967345596945,-1.31642284603561,0.0485245023858766,-0.892036715780911
-0.387441882710317,-0.352598313179835,-0.0724944765557013,-0.740658096929862,1.6884032665009
-0.409135724575659,-0.238468936952382,-0.46531396165462,0.407954201084133,-0.975767806651412
-0.498514353060869,-0.0344194461214814,-0.568195255371004,-0.131190346963252,0.2078853415634
-0.504299377558293,-0.300721323985538,-1.53153827835169,-0.514061112967917,-1.19270745117953
0.23849776791102,-0.324930585609544,0.619616044809061,1.00179457284647,-1.05949889752191
-0.49880360428574,-0.394099904535273,-1.054543189303,-0.662521205908501,-0.766440079475159
-0.439507103187138,-0.359515245072408,0.151973800643681,-0.810981298849086,1.64273176238971
-0.509216648381104,-0.0171271163900492,-0.961014740469924,-0.654707516806365,1.25071801876873
-0.481448530793466,-0.26959513046896,-0.970367585353231,-0.709403340521317,0.618928878564041
-0.396697921906196,-0.380266040750127,-0.783310687687079,-0.459365289252965,-0.0280840963443764
-0.453391161980957,-0.318013653716971,-0.512078186071158,-0.748471786031998,0.508556076962017
0.0582942548162454,-0.401016836427845,0.432559147142909,0.134475082509373,-0.949126095919889
0.186721798659071,-0.138173424510075,-0.240845684455238,1.22057786770628,-1.08994656692937
0.473659013731329,-0.286887460200393,1.30237372129052,0.0328971241816044,-0.56472426965077
-0.436325339713555,-0.362973711018695,-0.268904219105161,-0.732844407827726,1.55519471284328
0.175730252113964,-0.324930585609544,-0.250198529338545,0.236053040837141,-0.853977129021592
-0.424466039493834,-0.300721323985538,1.48007777407336,-0.732844407827726,1.37631465507448
-0.329013135286329,-0.345681381287262,-0.259551374221853,0.103220326100829,-0.161292650001992
-0.489836816314732,-0.0828379693694918,-0.755252153037156,-0.482806356559373,0.253556845674582
-0.455415920555056,-0.314555187770684,-0.773957842803771,-0.748471786031998,1.77974627472326
-0.332773401209655,-0.0482533099066273,0.675733114108907,-0.365601020027333,0.77877914295318
-0.122198509503401,-0.0447948439603408,-0.166022925388777,-0.131190346963252,-0.587560021706361
-0.168478705482797,-0.10358876504721,-0.100553011205624,-0.287464129005972,-1.0937525256053
-0.352442484500898,-0.356056779126122,0.217443714826835,-0.576570625785005,0.965271118073841
-0.365169538395233,-0.380266040750127,0.441911992026217,-0.787540231542678,0.767361266925384
-0.490415318764474,-0.356056779126122,-0.42790258212139,-0.756285475134134,1.16698692789823
-0.504877880008036,-0.238468936952382,-1.03583749953638,-0.826608677053358,1.83683565486224
-0.507481141031877,-0.366432176964981,-1.054543189303,-0.639080138602093,0.14699000274849
-0.517026431452627,-0.37680757480384,-0.848780601870232,-0.506247423865781,-1.32972196351308
0.0050720294399394,-0.32838905155583,-0.85813344675354,1.00960826194861,-0.930096302540229
-0.400168936604651,-0.26959513046896,-0.62431232467085,-0.435924221946557,-1.21173724455919
-0.507191889807005,-0.0828379693694918,-1.00777896488646,-0.451551600150829,-0.195546278085379
-0.287939461354615,-0.366432176964981,-0.109905856088932,-0.107749279656844,-0.766440079475159
-0.476242008745784,-0.169299618026653,-0.717840773503925,-0.373414709129469,0.847286399119954
0.146805129626841,-0.331847517502116,0.0771510415772205,1.11118622027638,-0.541888517595179
-0.0122830440523343,-0.124339560724929,0.23614940459345,0.37669944467559,-0.530470641567383
-0.113231721532393,-0.255761266683814,-0.437255427004697,1.47061591897463,-1.23076703793885
-0.512398411854688,-0.152007288295221,-0.792663532570386,-0.646893827704229,1.89011907632529
-0.453391161980957,-0.37680757480384,-0.66172370420408,-0.771912853338406,1.63892580371378
-0.332194898759913,-0.37680757480384,0.0490925069272974,-0.701589651419182,0.459078614174903
0.262505619575332,-0.290345926146679,0.451264836909525,1.376851649749,-1.19270745117953
-0.286493205230258,-0.394099904535273,-0.989073275119846,-0.178072481576068,-0.842559252993796
-0.518761938801855,-0.0551702417992001,-1.176130172786,-0.443737911048693,0.0899006226095116
-0.46120094505248,-0.26959513046896,-0.848780601870232,-0.623452760397821,-0.484799137456201
-0.355334996749611,-0.0793795034232053,-0.287609908871776,-0.256209372597428,0.287810473757969
-0.43516833481407,-0.324930585609544,0.0584453518106048,-0.717217029623454,0.752137432221657
-0.398144178030553,-0.418309166159278,-0.147317235622162,-0.381228398231605,-0.892036715780911
-0.390912897408772,-0.404475302374132,-0.839427756986925,0.0719655696922845,-1.29927429410562
-0.486365801616277,-0.356056779126122,-1.44736267440192,0.0719655696922845,-0.884424798429047
-0.375004080040854,-0.356056779126122,-1.12001310348615,0.361072066471317,-1.30308025278155
-0.368640553093687,0.176546976601992,-1.52218543346838,0.743942832475982,-0.827335418290069
-0.326699125487359,-0.241927402898669,-0.0350830970224708,0.41576789018627,-0.933902261216161
-0.174263729980222,-0.345681381287262,0.161326645526989,-0.631266449499957,1.01855453953689
-0.365748040844975,-0.0551702417992001,0.0303868171606826,-0.404669465538013,1.12131542378705
-0.469010728124003,-0.32838905155583,-1.03583749953638,-0.678148584112774,0.691242093406747
-0.448184639933275,0.180005442548279,-0.755252153037156,-0.68596227321491,-0.21838203014097
-0.373268572691627,-0.311096721824398,-0.418549737238083,-0.592198003989277,0.664600382675224
-0.421862778469993,0.0727929982133986,-0.867486291636847,-0.732844407827726,0.73691359751793
-0.39293765598287,-0.369890642911267,-0.0537887867890856,-0.72503071872559,1.55519471284328
-0.226328950457043,-0.37680757480384,-0.643018014437465,0.384513133777725,-1.13942402971648
-0.365458789620104,-0.252302800737528,0.348383543193141,-0.326532574516653,1.28116568817619
-0.511530658180074,0.10046072578369,-0.484019651421235,-0.693775962317046,1.58944834092667
-0.182941266726359,-0.228093539113523,0.731850183408753,-0.162445103371796,-0.758828162123295
-0.0701332890265799,-0.390641438588986,-0.325021288405006,0.290748864552093,-1.20793128588326
-0.415499251522826,-0.338764449394689,-0.315668443521699,-0.560943247580733,-0.0927853938352183
-0.0093905318036219,-0.380266040750127,-0.184728615155393,0.681433319658894,-1.3563636742446
-0.17137121773151,-0.26959513046896,0.460617681792832,-0.373414709129469,0.49333224225829
-0.455705171779927,-0.342222915340976,0.0958567313438353,-0.787540231542678,1.69982114252869
-0.434879083589198,-0.352598313179835,-0.727193618387234,-0.72503071872559,0.866316192499613
0.066682540337511,-0.193508879650658,0.301619318776603,0.861148169008023,-1.15084190574428
0.271183156321469,-0.196967345596945,1.71389889615605,-0.568756936682869,-0.108009228538946
-0.486076550391406,-0.373349108857554,-0.998426120003154,-0.795353920644814,0.634152713267769
-0.342029440405534,-0.238468936952382,-0.689782238854003,0.204798284428597,-0.378232294530108
-0.528017977997734,-0.0655456396380595,-0.773957842803771,0.345444688267045,0.714077845462338
-0.479713023444239,-0.390641438588986,-0.0163774072558552,-0.779726542440542,0.611316961212178
-0.523100707174923,-0.124339560724929,-1.04519034441969,0.228239351735005,-0.0052483442887851
-0.463225703626579,-0.362973711018695,-0.399844047471467,-0.701589651419182,0.0670648705539204
-0.514133919203915,-0.318013653716971,-1.06389603418631,-0.670334895010637,-0.264053534252152
-0.0007129950574851,-0.228093539113523,0.170679490410296,0.783011277986663,-1.1051704016331
-0.46582896465042,-0.331847517502116,-0.568195255371004,0.329817310062773,-0.363008459826381
-0.412028236824371,0.0209160090191018,-0.128611545855547,0.0016423677730604,-0.0318900550203083
-0.0799678306722016,-0.362973711018695,0.0303868171606826,0.0094560568751964,-1.25360278999444
-0.312525815468669,0.256091693366581,-0.914250516053385,-0.68596227321491,1.94340249778833
-0.472770994047329,-0.342222915340976,-0.727193618387234,-0.482806356559373,0.375347523304402
-0.369508306768301,-0.397558370481559,-1.07324887906961,-0.506247423865781,-1.36778155027239
0.169945227616539,-0.259219732630101,-0.128611545855547,0.759570210680255,-0.370620377178245
-0.460911693827609,-0.259219732630101,-0.502725341187851,-0.576570625785005,1.4981053327043
-0.393805409657484,-0.345681381287262,-0.109905856088932,-0.756285475134134,1.80638798545478
-0.434300581139456,-0.124339560724929,0.142620955760374,-0.537502180274325,1.04519625026841
-0.466118215875291,-0.342222915340976,-0.783310687687079,-0.740658096929862,1.31541931625957
-0.427069300517675,-0.17275808397294,0.189385180176912,-0.537502180274325,0.885345985879272
-0.0961658992649904,0.280300954990586,0.535440440859293,-0.162445103371796,-1.21934916191105
-0.485787299166535,-0.401016836427845,-1.36318707045215,0.0328971241816044,-1.16225978177207
-0.480870028343724,-0.304179789931825,-0.764604997920464,-0.732844407827726,1.14795713451857
-0.441821112986108,-0.335305983448403,-0.0163774072558552,-0.80316760974695,1.58944834092667
-0.243394772724445,-0.411392234266705,0.161326645526989,-0.146817725167524,-1.39061730232799
-0.499671357960354,-0.331847517502116,-0.474666806537928,-0.68596227321491,1.42198615918567
-0.51066290450546,-0.314555187770684,-1.39124560510207,-0.576570625785005,-0.50382893083586
-0.365748040844975,-0.259219732630101,-0.0724944765557013,-0.474992667457237,1.40676232448194
-0.433432827464842,-0.401016836427845,-1.04519034441969,-0.732844407827726,-0.804499666234478
-0.499382106735482,-0.345681381287262,-0.502725341187851,-0.72503071872559,0.858704275147749
0.0016010147414846,-0.27997052830782,0.441911992026217,-0.0374260777376197,-1.16987169912394
-0.463225703626579,0.0555006684819664,-0.586900945137619,1.4862432971789,-0.713156658012113
-0.254964821719295,-0.248844334791242,-0.839427756986925,0.0641518805901485,1.44101595256532
-0.515869426553142,-0.245385868844955,-0.970367585353231,-0.84223605525763,2.08041701012188
0.0513522254193359,-0.352598313179835,0.50738190620937,-0.15463141426966,-0.781663914178887
0.149697641875553,-0.418309166159278,-0.278257063988468,1.28308738052337,-1.36397559159646
-0.402772197628492,-0.338764449394689,-0.549489565604389,-0.443737911048693,-1.01382739341073
-0.493597082238058,-0.338764449394689,-0.66172370420408,-0.318718885414516,-1.12039423633682
-0.318310839966094,-0.266136664522674,-0.240845684455238,-0.131190346963252,0.314452184489492
-0.406243212326947,0.0243744749653883,-0.418549737238083,0.275121486347821,-0.427709757317223
-0.412317488049243,-0.0378779120677679,-0.577548100254312,-0.467178978355101,0.478108407554562
-0.43054031521613,-0.273053596415247,-0.540136720721081,-0.678148584112774,1.06042008497214
0.110070224068195,-0.165841152080367,1.43331354965682,-0.381228398231605,-0.309725038363335
-0.478845269769625,-0.331847517502116,0.161326645526989,-0.818794987951222,1.78355223339919
0.248043058331771,0.083168396052258,0.329677853426525,1.0721177747657,-0.945320137243957
-0.464093457301193,-0.26959513046896,-0.62431232467085,-0.732844407827726,0.599899085184382
-0.523389958399794,0.0797099301059715,-1.00777896488646,-0.787540231542678,1.74549264663987
-0.474217250171685,-0.394099904535273,-1.27901146650238,1.15806835488919,-1.22696107926292
-0.0990584115137027,-0.183133481811799,-0.474666806537928,0.517345848514038,-0.32114291439113
-0.415210000297955,-0.241927402898669,0.161326645526989,-0.756285475134134,0.965271118073841
-0.452523408306343,-0.356056779126122,-0.848780601870232,-0.631266449499957,0.934823448666387
-0.136371819522091,0.0174575430728154,-0.904897671170077,1.41592009525968,-0.857783087697524
-0.46120094505248,-0.338764449394689,-0.820722067220309,-0.740658096929862,1.00713666350909
-0.495911092037028,-0.283428994254106,-0.904897671170077,-0.287464129005972,-0.834947335641933
-0.36459103594549,-0.259219732630101,0.357736388076448,-0.459365289252965,-0.0471138897240357
-0.448184639933275,-0.26959513046896,-0.325021288405006,-0.607825382193549,1.12512138246298
-0.450787900957116,-0.356056779126122,0.226796559710142,-0.834422366155494,1.77594031604733
-0.354467243074997,-0.0032932526049033,0.114562421110451,-0.373414709129469,0.215497258915263
-0.384549370461605,-0.331847517502116,-0.923603360936693,0.111034015202965,-0.146068815298264
-0.283889944206417,-0.362973711018695,-1.34448138068554,-0.678148584112774,-0.420097839965359
0.232134240963853,-0.300721323985538,1.41460785989021,-0.506247423865781,-0.62561960846568
-0.473349496497072,-0.158924220187794,-0.755252153037156,-0.576570625785005,1.04900220894434
-0.453101910756086,-0.138173424510075,0.0958567313438353,-0.584384314887141,1.33825506831517
-0.29632774687588,-0.100130299100924,-0.446608271888005,-0.256209372597428,0.242138969646786
0.476551525980041,-0.331847517502116,1.20884527245744,0.275121486347821,-1.15084190574428
-0.468721476899132,-0.207342743435804,-0.42790258212139,-0.0452397668397558,0.356317729924743
-0.357359755323709,-0.362973711018695,0.123915265993758,-0.646893827704229,1.38773253110228
-0.327856130386844,-0.155465754241507,0.591557510159138,-0.459365289252965,0.94243536601825
-0.283022190531804,-0.373349108857554,0.535440440859293,-0.389042087333741,-0.614201732437884
-0.481737782018337,-0.356056779126122,-0.764604997920464,-0.0764945232482998,-0.842559252993796
-0.42591229561819,-0.331847517502116,-0.540136720721081,-0.615639071295685,-0.0395019723721719
-0.387441882710317,-0.231552005059809,-1.53153827835169,-0.264023061699564,1.69220922517683
-0.246576536198029,-0.176216549919226,-1.23224724208584,0.603296428637534,-0.515246806863656
-0.478266767319883,-0.252302800737528,-0.399844047471467,-0.740658096929862,0.489526283582358
-0.0426544226638132,-0.324930585609544,-0.166022925388777,0.275121486347821,-1.31830408748528
-0.346657460003474,-0.37680757480384,0.0677981966939131,-0.654707516806365,0.508556076962017
-0.382813863112377,-0.404475302374132,0.0490925069272974,-0.420296843742285,0.424824986091516
-0.41868101499641,-0.366432176964981,-0.502725341187851,-0.748471786031998,1.79497010942699
0.113251987541779,-0.401016836427845,0.282913629009987,-0.639080138602093,-0.675097071252794
-0.423598285819221,-0.210801209382091,-0.549489565604389,-0.0921219014525719,-0.130844980594537
-0.339715430606564,-0.0724625715306324,0.217443714826835,-0.443737911048693,0.177437672155945
0.0802773479064587,-0.369890642911267,-0.287609908871776,-0.404669465538013,-0.165098608677924
-0.47045698424836,-0.11396416288607,-0.418549737238083,-0.545315869376461,1.36109082037076
-0.517894185127241,-0.117422628832356,-0.717840773503925,-0.654707516806365,2.11086467952933
0.271183156321469,-0.069004105584346,1.67648751662282,-0.521874802070053,0.101318498637307
0.522831721959438,-0.369890642911267,0.769261562941983,-0.178072481576068,-0.842559252993796
-0.242237767824961,-0.273053596415247,0.0303868171606826,-0.185886170678204,-0.302113121011471
-0.0238530930471834,-0.356056779126122,0.0584453518106048,0.439208957492678,-1.32211004616121
-0.454548166880442,-0.373349108857554,0.123915265993758,-0.857863433461902,1.74549264663987
-0.306451539746373,-0.193508879650658,-0.137964390738855,-0.459365289252965,-0.884424798429047
0.473659013731329,-0.259219732630101,0.759908718058675,-0.123376657861116,0.0822887052576478
-0.505456382457778,-0.3871829726427,-0.586900945137619,-0.490620045661509,-0.979573765327344
-0.206081364716057,-0.366432176964981,1.78872165522251,-0.662521205908501,1.4981053327043
0.178622764362676,0.224965499850003,1.59231191267305,-0.615639071295685,-0.880618839753115
-0.453680413205828,-0.179675015865512,-0.474666806537928,-0.498433734763645,1.21646439068535
-0.450498649732245,-0.307638255878111,-0.783310687687079,-0.670334895010637,1.11750946511112
-0.401615192729007,-0.276512062361533,-0.278257063988468,-0.224954616188884,0.0784827465817159
-0.396408670681325,-0.214259675328377,0.189385180176912,-0.654707516806365,1.00713666350909
-0.515869426553142,-0.228093539113523,-1.08260172395292,0.579855361331126,-0.716962616688045
-0.113520972757264,-0.383724506696413,-0.577548100254312,0.251680419041413,-1.37919942630019
-0.334798159783754,-0.300721323985538,-1.15742448301938,-0.217140927086748,0.866316192499613
-0.430829566441001,-0.300721323985538,-0.596253790020927,-0.709403340521317,1.60847813430633
-0.416945507647182,-0.369890642911267,-0.119258700972239,-0.201513548882476,-1.02524526943853
-0.166453946908699,-0.311096721824398,-0.0350830970224708,0.642364874148214,-0.990991641355139
-0.191618803472496,-0.383724506696413,0.600910355042446,-0.639080138602093,-0.222187988816902
0.0669717915623822,-0.390641438588986,0.0303868171606826,0.275121486347821,-1.15084190574428
-0.450209398507374,-0.241927402898669,-1.45671551928523,-0.310905196312381,0.116542333341035
-0.312236564243798,-0.356056779126122,-0.764604997920464,0.775197588884527,0.870122151175545
-0.326409874262488,-0.0171271163900492,-0.736546463270541,1.25964631321696,-1.15845382309614
-0.310211805669699,-0.290345926146679,-0.998426120003154,-0.131190346963252,-0.397262087909768
-0.490704569989345,-0.359515245072408,-0.1940814600387,-0.584384314887141,0.333481977869151
-0.489547565089861,-0.345681381287262,-0.970367585353231,-0.670334895010637,-0.526664682891451
-0.0441006787881694,0.0727929982133986,1.42396070477352,-0.201513548882476,1.21265843200941
-0.352153233276027,-0.17275808397294,0.946965615724827,-0.646893827704229,0.695048052082679
0.0253196151809254,0.103919191729977,0.367089232959756,-0.529688491172189,-0.572336187002634
-0.489836816314732,-0.362973711018695,-0.222139994688623,-0.72503071872559,1.18221076260196
-0.50343162388368,0.190380840387138,-1.03583749953638,-0.623452760397821,1.67317943179717
-0.50111761408471,-0.321472119663257,-0.89554482628677,-0.381228398231605,-0.86920096372532
-0.460333191377867,-0.304179789931825,-0.222139994688623,-0.818794987951222,1.86728332426969
-0.498514353060869,-0.238468936952382,-0.783310687687079,-0.467178978355101,-0.210770112789106
-0.187280035099427,-0.37680757480384,-0.23149283957193,-0.717217029623454,-0.511440848187724
-0.452523408306343,-0.373349108857554,-0.568195255371004,-0.779726542440542,1.70362710120462
-0.368640553093687,-0.32838905155583,0.151973800643681,-0.639080138602093,1.65414963841751
-0.352442484500898,-0.22117660722095,-0.353079823054929,-0.68596227321491,0.862510233823681
-0.0319521273435778,-0.383724506696413,-0.951661895586615,0.41576789018627,-1.15464786442021
-0.451366403406858,-0.314555187770684,0.320325008543218,-0.779726542440542,1.80638798545478
-0.399590434154909,-0.248844334791242,0.0771510415772205,-0.521874802070053,0.588481209156587
-0.459176186478382,-0.383724506696413,-0.764604997920464,0.642364874148214,-0.762634120799227
-0.504010126333422,-0.286887460200393,-1.14807163813607,-0.693775962317046,1.89011907632529
-0.463225703626579,-0.22117660722095,-0.334374133288314,-0.279650439903836,-0.195546278085379
-0.340293933056307,-0.3871829726427,-0.381138357704852,-0.0374260777376197,-1.22696107926292
-0.455415920555056,-0.311096721824398,-0.914250516053385,-0.553129558478597,-0.130844980594537
-0.50343162388368,-0.252302800737528,-0.512078186071158,-0.756285475134134,1.19362863862975
0.0571372499167605,-0.0862964353157782,0.0303868171606826,1.36903796064686,-0.108009228538946
-0.500249860410096,-0.32838905155583,-1.06389603418631,1.25183262411482,-0.842559252993796
-0.244841028848802,0.0485837365893935,0.918907081074905,-0.420296843742285,0.931017489990455
-0.191618803472496,-0.158924220187794,-0.166022925388777,-0.678148584112774,0.531391829017609
-0.288517963804357,-0.338764449394689,1.09661113385775,-0.576570625785005,1.20885247333348
-0.337690672032466,-0.0102101844974763,-0.184728615155393,-0.318718885414516,1.9281786630846
-0.456862176679412,-0.27997052830782,0.367089232959756,-0.748471786031998,0.94243536601825
-0.434300581139456,-0.276512062361533,0.544793285742601,-0.740658096929862,1.40295636580601
-0.490126067539603,-0.356056779126122,-1.00777896488646,-0.600011693091413,-1.00621547605887
-0.41405299539847,0.0382083387505341,-0.0163774072558552,-0.615639071295685,1.44101595256532
-0.474217250171685,-0.179675015865512,-0.605606634904235,-0.0296123886354837,-0.146068815298264
0.470766501482617,0.128128453353982,1.38654932524028,-0.576570625785005,-0.519052765539587
-0.249469048446741,-0.404475302374132,-0.343726978171622,0.259494108143549,-1.1889014925036
-0.451077152181987,-0.362973711018695,-0.717840773503925,-0.584384314887141,0.154601920100353
-0.368929804318558,-0.380266040750127,-0.240845684455238,-0.521874802070053,-0.80830562491041
-0.467564471999647,-0.252302800737528,-1.39124560510207,-0.0921219014525719,-0.385844211881972
-0.434589832364327,-0.193508879650658,0.123915265993758,-0.264023061699564,0.980494952777569
0.0585835060411166,-0.414850700212991,0.853437166891751,-0.560943247580733,-0.351590583798585
0.0817236040308149,-0.411392234266705,1.55490053313982,-0.600011693091413,-1.00240951738294
-0.429961812766388,-0.193508879650658,-0.287609908871776,-0.607825382193549,0.744525514869793
-0.366615794519589,-0.342222915340976,-0.409196892354775,-0.428110532844421,0.394377316684061
0.0224271029322131,-0.383724506696413,-0.0818473214390087,0.353258377369181,-1.0823346495775
-0.432275822565357,-0.359515245072408,0.376442077843064,-0.795353920644814,1.72265689458428
-0.48000227466911,-0.259219732630101,-0.755252153037156,-0.740658096929862,1.22027034936128
-0.468432225674261,-0.193508879650658,-0.605606634904235,-0.717217029623454,1.02616645688875
-0.268559629288242,-0.0828379693694918,0.984376995258058,-0.529688491172189,1.01474858086096
-0.203478103692216,-0.0171271163900492,-0.614959479787542,-0.420296843742285,-0.720768575363977
-0.365458789620104,-0.165841152080367,-0.671076549087387,-0.514061112967917,0.577063333128791
-0.322938859564033,-0.342222915340976,-1.02648465465308,0.111034015202965,-1.26502066602223
-0.512109160629816,0.214590102011143,-0.886191981403463,-0.654707516806365,1.6769853904731
-0.426780049292804,-0.345681381287262,-0.278257063988468,-0.80316760974695,1.66937347312124
-0.44239961543585,-0.107047230993497,-0.287609908871776,0.0797792587944207,-1.0100214347348
-0.450787900957116,-0.241927402898669,0.161326645526989,-0.717217029623454,1.09847967173146
-0.480870028343724,-0.401016836427845,-0.605606634904235,-0.693775962317046,0.0442291184983291
-0.466985969549905,-0.297262858039252,-1.14807163813607,-0.0296123886354837,-0.595171939058225
-0.419548768671023,-0.345681381287262,-0.15667008050547,-0.717217029623454,1.53616491946362
-0.497935850611126,-0.300721323985538,-0.689782238854003,-0.568756936682869,1.43720999388939
-0.323228110788904,-0.383724506696413,0.367089232959756,-0.248395683495292,-0.576142145678565
-0.445002876459691,-0.414850700212991,-0.904897671170077,-0.506247423865781,-0.0280840963443764
-0.33855842570708,-0.286887460200393,0.432559147142909,-0.545315869376461,1.2583299361206
-0.410871231924887,-0.26959513046896,-0.0631416316723939,-0.639080138602093,0.322064101841356
-0.462647201176836,-0.266136664522674,-0.353079823054929,-0.23276830529102,-1.02905122811446
-0.497357348161384,-0.394099904535273,-1.21354155231923,1.54093912089386,-1.16225978177207
-0.430829566441001,-0.321472119663257,0.339030698309834,-0.748471786031998,1.54377683681549
-0.457440679129154,-0.380266040750127,-0.0070245623725478,-0.701589651419182,0.124154250692898
-0.508927397156233,0.0589591344282528,-0.530783875837774,-0.795353920644814,1.6884032665009
-0.473927998946814,-0.26959513046896,-0.353079823054929,-0.693775962317046,1.30780739890771
-0.435746837263812,0.0139990771265289,-0.633665169554157,-0.342159952720925,-0.423903798641291
-0.441821112986108,-0.352598313179835,0.339030698309834,-0.826608677053358,1.65034367974158
-0.382813863112377,-0.366432176964981,-0.0257302521391634,-0.748471786031998,1.71885093590835
-0.0036055073061974,-0.401016836427845,-0.0912001663223161,0.868961858110159,-1.18509553382766
0.224902960342073,-0.11396416288607,1.48943061895667,-0.545315869376461,0.0251993251186697
-0.414342246623341,-0.331847517502116,-0.493372496304543,-0.740658096929862,1.68079134914903
-0.364301784720619,-0.321472119663257,-0.353079823054929,-0.521874802070053,0.645570589295565
-0.286493205230258,0.083168396052258,-0.222139994688623,-0.279650439903836,0.451466696823039
-0.415788502747697,-0.134714958563789,0.142620955760374,-0.592198003989277,1.21265843200941
-0.497068096936512,-0.0171271163900492,-1.27901146650238,-0.553129558478597,-0.324948873067062
-0.490993821214217,-0.203884277489518,-1.31642284603561,-0.389042087333741,-0.0585317657518312
0.0311046396783499,-0.397558370481559,1.22755096222406,-0.287464129005972,-0.332560790418926
-0.478845269769625,-0.342222915340976,-0.549489565604389,-0.514061112967917,-0.926290343864298
-0.485787299166535,-0.373349108857554,-1.00777896488646,-0.732844407827726,1.90153695235308
-0.309344051995086,-0.359515245072408,0.385794922726371,-0.0452397668397558,-0.553306393622974
-0.0033162560813261,0.162713112816846,0.0210339722773752,0.634551185046078,0.645570589295565
-0.0469931910368816,-0.283428994254106,-0.184728615155393,0.837707101701615,-1.0823346495775
-0.441821112986108,-0.0136686504437627,-0.66172370420408,-0.303091507210244,0.49333224225829
-0.287071707680001,-0.138173424510075,0.161326645526989,0.0407108132837406,0.295422391109833
0.0079645416886517,-0.390641438588986,-0.0631416316723939,0.657992252352486,-1.26502066602223
-0.246576536198029,-0.373349108857554,0.301619318776603,-0.631266449499957,1.05280816762027
-0.220543925959618,-0.283428994254106,-0.998426120003154,0.37669944467559,-0.56472426965077
-0.393805409657484,-0.366432176964981,-0.0163774072558552,-0.756285475134134,0.424824986091516
-0.31512907649251,-0.342222915340976,-0.811369222337002,-0.670334895010637,0.531391829017609
-0.409135724575659,-0.390641438588986,0.105209576227143,-0.732844407827726,0.226915134943059
-0.497357348161384,-0.362973711018695,-1.07324887906961,0.0407108132837406,-0.44293359202095
-0.460911693827609,-0.380266040750127,-0.989073275119846,-0.740658096929862,0.0061695317390104
-0.44471362523482,-0.342222915340976,-0.773957842803771,-0.639080138602093,0.341093895221015
-0.413185241723856,-0.0240440482826221,-0.137964390738855,-0.623452760397821,-1.04427506281819
-0.484051791817307,-0.318013653716971,-0.811369222337002,-0.717217029623454,0.885345985879272
-0.31744308629148,-0.369890642911267,0.46997052667614,-0.521874802070053,1.04900220894434
-0.247155038647771,-0.383724506696413,0.376442077843064,-0.607825382193549,1.12131542378705
-0.374714828815983,-0.224635073167236,0.806672942475214,-0.76409916423627,0.413407110063721
0.152590154124266,-0.297262858039252,0.0865038864605279,1.58782125550667,-1.16987169912394
-0.507770392256748,-0.397558370481559,-1.26965862161907,-0.201513548882476,-1.00240951738294
-0.399590434154909,-0.342222915340976,0.339030698309834,-0.756285475134134,1.52855300211176
-0.290831973603327,-0.359515245072408,0.376442077843064,-0.482806356559373,-0.15748669132606
-0.48694430406602,-0.394099904535273,-0.62431232467085,-0.76409916423627,0.478108407554562
-0.482027033243209,-0.314555187770684,-0.998426120003154,-0.80316760974695,1.37250869639855
-0.503142372658808,-0.380266040750127,-1.12001310348615,-0.545315869376461,-0.461963385400609
-0.442978117885593,-0.390641438588986,-0.923603360936693,0.251680419041413,-0.884424798429047
-0.501406865309581,-0.359515245072408,-1.20418870743592,-0.435924221946557,-0.252635658224357
-0.131165297474409,-0.318013653716971,0.441911992026217,0.259494108143549,-1.02143931076259
0.381098621772536,-0.314555187770684,1.54554768825651,-0.123376657861116,-0.332560790418926
-0.442110364210979,-0.338764449394689,-0.334374133288314,-0.553129558478597,0.531391829017609
-0.485208796716792,-0.314555187770684,-0.42790258212139,-0.631266449499957,1.01474858086096
-0.472481742822458,-0.321472119663257,-0.437255427004697,-0.850049744359766,1.82541777883444
-0.0064980195549097,-0.0897549012620647,-0.147317235622162,0.775197588884527,-0.975767806651412
-0.471903240372716,-0.37680757480384,-0.886191981403463,0.243866729939277,-0.85017117034566
-0.480291525893981,-0.318013653716971,-0.989073275119846,-0.342159952720925,0.177437672155945
-0.516158677778014,-0.27997052830782,-1.16677732790269,-0.709403340521317,-0.480993178780269
-0.443556620335335,0.0693345322671122,-0.353079823054929,-0.185886170678204,0.641764630619633
-0.505456382457778,-0.345681381287262,-1.77471224531768,0.0719655696922845,-1.20793128588326
-0.354467243074997,-0.0620871736917731,0.123915265993758,-0.326532574516653,0.124154250692898
-0.49186157488883,0.0105406111802424,-1.10130741371954,0.0719655696922845,0.360123688600674
0.248043058331771,0.204214704172284,0.563498975509215,1.21276417860414,-0.819723500938205
-0.130876046249538,0.0070821452339559,-0.0724944765557013,-0.600011693091413,-1.13181211236462
-0.0021592511818412,-0.411392234266705,0.862790011775059,-0.584384314887141,-0.629425567141612
-0.425623044393319,-0.0759210374769189,-0.586900945137619,-0.318718885414516,0.870122151175545
-0.500828362859838,-0.359515245072408,-1.054543189303,-0.584384314887141,-0.709350699336181
-0.240791511700604,-0.26959513046896,-0.353079823054929,0.220425662632869,-0.324948873067062
-0.249469048446741,-0.366432176964981,-0.998426120003154,-0.600011693091413,0.112736374665103
-0.454548166880442,0.162713112816846,-0.0444359419057783,-0.451551600150829,-0.560918310974838
-0.433143576239971,-0.311096721824398,0.413853457376294,-0.771912853338406,1.65414963841751
-0.226328950457043,-0.383724506696413,0.0677981966939131,-0.381228398231605,-0.412485922613495
-0.449052393607889,-0.380266040750127,-0.381138357704852,0.915843992722975,-0.960543971947684
-0.0235638418223122,-0.179675015865512,-0.240845684455238,-0.568756936682869,-0.770246038151091
-0.374714828815983,-0.349139847233549,-0.0818473214390087,-0.701589651419182,0.980494952777569
-0.511530658180074,-0.266136664522674,-1.35383422556884,0.470463713901222,-1.04808102149412
-0.358516760223194,-0.324930585609544,-0.42790258212139,-0.146817725167524,0.531391829017609
-0.382235360662635,-0.3871829726427,0.198738025060219,-0.732844407827726,1.81780586148258
-0.442688866660722,-0.300721323985538,-1.48477405393515,0.626737495943942,-1.14703594706835
-0.231824723729596,-0.369890642911267,0.647674579458984,-0.396855776435877,-0.553306393622974
-0.519051190026726,-0.217718141274663,-0.93295620582,-0.342159952720925,0.0975125399613752
-0.081703338021429,-0.241927402898669,0.339030698309834,-0.0764945232482998,0.0556469945261249
-0.472481742822458,-0.397558370481559,-1.26030577673577,0.548600604922582,-1.49337818657815
-0.413474492948728,0.0555006684819664,-0.474666806537928,-0.521874802070053,0.733107638841998
-0.1855445277502,-0.383724506696413,-0.23149283957193,0.322003620960637,-1.2726325833741
-0.324963618138132,-0.290345926146679,0.769261562941983,-0.600011693091413,0.725495721490134
-0.459465437703253,-0.324930585609544,-0.904897671170077,-0.381228398231605,-0.78927583153075
-0.374136326366241,-0.359515245072408,-0.755252153037156,0.962726127335791,-0.884424798429047
0.0311046396783499,-0.273053596415247,1.81678018987243,-0.435924221946557,-1.49337818657815
-0.356202750424224,-0.380266040750127,0.011681127394067,-0.646893827704229,-0.884424798429047
-0.324963618138132,-0.16238268613408,0.245502249476757,-0.568756936682869,0.88154002720334
-0.148809622191554,-0.214259675328377,0.582204665275831,-0.498433734763645,0.622734837239973
-0.302112771373305,-0.286887460200393,0.367089232959756,-0.248395683495292,0.0899006226095116
-0.401904443953878,-0.27997052830782,0.404500612492986,-0.732844407827726,1.50191129138024
-0.445002876459691,-0.331847517502116,-1.14807163813607,0.0094560568751964,-0.895842674456843
-0.419548768671023,-0.273053596415247,-0.100553011205624,-0.795353920644814,1.78735819207513
-0.240791511700604,-0.248844334791242,-0.951661895586615,1.24401893501269,-0.739798368743636
-0.464093457301193,-0.362973711018695,-0.512078186071158,-0.537502180274325,-0.492411054808064
-0.333062652434526,0.0209160090191018,-0.942309050703308,1.31434213693191,-0.690320905956522
0.540186795451711,-0.356056779126122,1.73260458592267,-0.162445103371796,-0.678903029928726
-0.370954562892657,-0.356056779126122,-0.85813344675354,-0.592198003989277,0.0822887052576478
-0.182941266726359,-0.373349108857554,-0.371785512821545,-0.0217986995333477,1.30780739890771
-0.499382106735482,-0.321472119663257,-0.652370859320773,-0.537502180274325,-0.834947335641933
-0.177156242228934,-0.362973711018695,0.423206302259602,-0.0452397668397558,-0.264053534252152
-0.0672407767778676,-0.300721323985538,-0.250198529338545,-0.318718885414516,-1.3449457982168
-0.473927998946814,-0.26959513046896,0.0303868171606826,-0.623452760397821,0.588481209156587
-0.493886333462929,-0.345681381287262,-0.633665169554157,-0.607825382193549,0.223109176267127
-0.348682218577573,-0.158924220187794,0.254855094360065,-0.623452760397821,1.23168822538907
-0.368640553093687,-0.16238268613408,0.423206302259602,-0.396855776435877,0.858704275147749
-0.355624247974482,-0.27997052830782,-0.119258700972239,-0.553129558478597,-0.0014423856128531
-0.50343162388368,-0.324930585609544,-0.605606634904235,-0.623452760397821,0.892957903231136
-0.49880360428574,-0.0932133672083512,-0.914250516053385,-0.287464129005972,0.0632589118779884
-0.512109160629816,-0.349139847233549,-0.93295620582,-0.787540231542678,1.9281786630846
-0.136371819522091,-0.349139847233549,0.292266473893295,-0.19369985978034,-0.629425567141612
-0.435746837263812,-0.342222915340976,0.123915265993758,-0.748471786031998,1.28497164685212
-0.445870630134305,-0.124339560724929,-0.268904219105161,-0.592198003989277,0.672212300027088
-0.0579847375819883,0.162713112816846,0.451264836909525,0.478277403003358,-0.853977129021592
-0.395830168231583,-0.32838905155583,-0.549489565604389,0.0797792587944207,-0.416291881289427
0.239365521585634,-0.286887460200393,1.10596397874106,0.306376242756365,-0.294501203659607
-0.440953359311494,-0.390641438588986,-0.484019651421235,-0.631266449499957,-0.286889286307744
-0.438060847062782,-0.0482533099066273,-0.39049120258816,0.0172697459773324,-0.0395019723721719
-0.0759183135240044,-0.259219732630101,-0.306315598638391,0.509532159411902,-0.998603558707003
-0.462936452401708,-0.331847517502116,-1.01713180976977,-0.787540231542678,1.93579058043647
-0.419548768671023,-0.324930585609544,0.638321734575676,-0.771912853338406,1.54377683681549
-0.492150826113702,0.26646709120544,-0.66172370420408,-0.607825382193549,1.49049341535244
-0.306740790971244,-0.3871829726427,-0.830074912103617,-0.224954616188884,-0.732186451391772
-0.516737180227756,-0.300721323985538,-1.02648465465308,-0.498433734763645,-0.690320905956522
-0.230089216380369,-0.0240440482826221,-0.0818473214390087,-0.467178978355101,0.592287167832518
-0.405953961102076,-0.369890642911267,-0.409196892354775,-0.19369985978034,0.0822887052576478
-0.381656858212893,-0.37680757480384,0.0958567313438353,-0.287464129005972,-1.03285718679039
-0.393805409657484,-0.134714958563789,-0.643018014437465,-0.185886170678204,1.79116415075106
-0.479134520994496,-0.304179789931825,-0.643018014437465,-0.76409916423627,1.36870273772262
-0.403061448853363,-0.311096721824398,-0.381138357704852,-0.607825382193549,1.068032002324
-0.0932733870162781,-0.335305983448403,0.638321734575676,-0.545315869376461,-0.831141376966001
-0.468432225674261,-0.307638255878111,-0.23149283957193,-0.139004036065388,-0.926290343864298
-0.36690504574446,0.0174575430728154,-0.278257063988468,-0.396855776435877,0.626540795915905
-0.481159279568595,-0.276512062361533,-0.802016377453694,0.657992252352486,-0.952932054595821
-0.110628460508552,-0.352598313179835,-0.512078186071158,0.157916149815781,-1.13561807104055
-0.512109160629816,0.0139990771265289,-0.745899308153848,-0.76409916423627,1.80258202677885
-0.341450937955792,0.121211521461409,0.993729840141365,-0.748471786031998,0.592287167832518
-0.40450770497772,-0.318013653716971,0.535440440859293,-0.787540231542678,1.57422450622294
-0.354467243074997,-0.359515245072408,0.245502249476757,-0.740658096929862,1.26974781214839
-0.370086809218043,-0.22117660722095,0.0023282825107595,-0.474992667457237,0.124154250692898
-0.203188852467345,-0.362973711018695,-0.353079823054929,-0.0608671450440278,-0.385844211881972
-0.104843436011127,-0.411392234266705,0.862790011775059,-0.514061112967917,-1.12800615368869
-0.425623044393319,-0.297262858039252,0.0490925069272974,-0.498433734763645,0.284004515082037
-0.440085605636881,-0.318013653716971,-0.93295620582,-0.420296843742285,-0.983379724003276
-0.269427382962856,-0.217718141274663,-0.119258700972239,-0.521874802070053,0.500944159610153
0.190192813357525,-0.335305983448403,-0.109905856088932,1.50187067538318,-1.26882662469817
-0.466985969549905,-0.27997052830782,-0.100553011205624,-0.795353920644814,1.74549264663987
-0.466985969549905,-0.0620871736917731,-0.147317235622162,-0.521874802070053,1.35347890301889
-0.370665311667786,-0.300721323985538,0.797320097591905,-0.576570625785005,1.26974781214839
-0.372400819017013,-0.390641438588986,-0.353079823054929,-0.170258792473932,-0.21838203014097
-0.43748234461304,-0.383724506696413,-1.3070700011523,-0.349973641823061,-0.461963385400609
-0.285336200330774,-0.0828379693694918,0.27356078412668,0.0563381914880125,0.474302448878631
-0.472192491597587,-0.311096721824398,-0.109905856088932,-0.693775962317046,0.691242093406747
-0.174842232429964,-0.286887460200393,-0.455961116771313,-0.623452760397821,0.0213933664427378
-0.308765549545343,-0.32838905155583,-0.446608271888005,-0.506247423865781,0.325870060517287
-0.168478705482797,-0.394099904535273,0.301619318776603,-0.521874802070053,0.0137814490908742
-0.507481141031877,-0.266136664522674,-0.802016377453694,-0.428110532844421,0.0366172011464655
-0.377028838614953,-0.183133481811799,-0.605606634904235,-0.381228398231605,2.07661105144595
-0.516447929002885,-0.0102101844974763,-1.12936594836946,-0.818794987951222,1.91295482838088
-0.270005885412598,-0.390641438588986,-0.437255427004697,-0.615639071295685,-0.899648633132774
-0.347525213678088,0.152337714977987,-1.25095293185246,0.626737495943942,-0.0965913525111499
-0.206081364716057,0.0382083387505341,-0.0537887867890856,-0.0452397668397558,-0.949126095919889
-0.49648959448677,0.276842489044299,-0.755252153037156,-0.810981298849086,1.79497010942699
-0.317732337516351,0.211131636064857,0.713144493642137,-0.435924221946557,0.344899853896947
-0.208973876964769,-0.17275808397294,-0.42790258212139,-0.365601020027333,-1.41725901305951
-0.436614590938426,-0.318013653716971,-0.325021288405006,-0.592198003989277,0.915793655286727
-0.485498047941663,-0.290345926146679,-0.568195255371004,-0.435924221946557,-0.069949641779627
-0.311658061794055,-0.366432176964981,-0.418549737238083,-0.717217029623454,0.211691300239331
-0.491572323663959,-0.356056779126122,-0.923603360936693,-0.357787330925197,-0.0242781376684444
-0.0354231420420325,-0.262678198576387,0.647674579458984,-0.498433734763645,1.15556905187043
-0.139553582995675,-0.196967345596945,0.264207939243373,-0.342159952720925,-0.0242781376684444
-0.4117389855995,0.0382083387505341,-0.306315598638391,-0.162445103371796,0.261168763026446
-0.489258313864989,-0.404475302374132,-0.811369222337002,-0.670334895010637,-0.716962616688045
-0.285914702780516,0.204214704172284,0.245502249476757,-0.295277818108108,-0.0965913525111499
-0.495621840812156,0.263008625259154,-0.577548100254312,-0.678148584112774,1.64273176238971
-0.464093457301193,-0.0966718331546376,-0.137964390738855,-0.529688491172189,1.21265843200941
0.181515276611389,0.155796180924273,0.0677981966939131,1.5721938773024,-0.853977129021592
-0.511241406955203,-0.255761266683814,-1.36318707045215,-0.545315869376461,-0.130844980594537
-0.457729930354025,0.183463908494565,0.0490925069272974,-0.553129558478597,0.976688994101637
-0.426780049292804,-0.307638255878111,0.498029061326063,-0.732844407827726,1.13653925849078
-0.418391763771538,-0.293804392092965,-0.755252153037156,-0.537502180274325,0.497138200934222
-0.48694430406602,-0.0655456396380595,-0.614959479787542,-0.576570625785005,1.52855300211176
-0.383970868011862,-0.359515245072408,0.151973800643681,-0.482806356559373,0.12796020936883
-0.0831495941457851,0.107377657676263,0.0958567313438353,0.392326822879862,-0.458157426724678
-0.394962414556969,-0.342222915340976,0.0584453518106048,-0.732844407827726,1.6769853904731
-0.374425577591112,-0.248844334791242,-0.203434304922007,-0.443737911048693,-0.309725038363335
-0.495332589587285,-0.318013653716971,-0.0070245623725478,-0.787540231542678,1.28116568817619
-0.144760105043357,-0.362973711018695,-0.278257063988468,0.0328971241816044,-1.30308025278155
-0.407400217226432,-0.100130299100924,-0.85813344675354,0.657992252352486,-0.724574534039909
-0.0238530930471834,-0.158924220187794,0.853437166891751,-0.209327237984612,-0.716962616688045
-0.446159881359176,-0.331847517502116,0.180032335293604,-0.76409916423627,1.55138875416735
-0.483473289367565,-0.283428994254106,-1.176130172786,-0.287464129005972,-1.13181211236462
-0.287939461354615,-0.311096721824398,-1.04519034441969,-0.521874802070053,0.131766168044762
-0.15256988811488,-0.397558370481559,-0.46531396165462,-0.529688491172189,-1.0823346495775
-0.464382708526064,-0.165841152080367,-0.0163774072558552,-0.576570625785005,1.18982267995382
-0.19740382796992,-0.0551702417992001,-0.493372496304543,-0.11556296875898,-1.38300538497612
-0.299220259124592,-0.283428994254106,-1.28836431138569,-0.303091507210244,-0.918678426512434
-0.445581378909434,-0.26959513046896,-0.0818473214390087,-0.693775962317046,0.854898316471817
-0.325542120587874,-0.252302800737528,-0.970367585353231,0.275121486347821,-0.694126864632454
-0.4941755846878,-0.342222915340976,-0.93295620582,0.431395268390542,-1.24218491396664
-0.289674968703842,-0.255761266683814,0.731850183408753,-0.529688491172189,0.999524746157228
-0.460333191377867,-0.186591947758085,0.226796559710142,-0.709403340521317,1.48288149800058
0.375313597275111,-0.262678198576387,1.47072492919005,-0.23276830529102,0.192661506859672
-0.220543925959618,-0.380266040750127,-0.671076549087387,-0.131190346963252,-1.08614060825344
-0.425333793168448,-0.37680757480384,-1.40995129486869,-0.279650439903836,-1.02905122811446
-0.405375458652333,-0.158924220187794,0.161326645526989,-0.490620045661509,0.908181737934864
-0.504299377558293,-0.286887460200393,-0.46531396165462,-0.748471786031998,1.26594185347246
-0.486365801616277,-0.0205855823363356,-0.783310687687079,-0.0217986995333477,0.135572126720694
-0.455705171779927,-0.335305983448403,-1.04519034441969,-0.693775962317046,0.816838729712499
-0.424755290718705,-0.318013653716971,0.198738025060219,-0.740658096929862,1.5818364235748
-0.453101910756086,-0.359515245072408,-0.287609908871776,-0.576570625785005,0.0366172011464655
-0.374136326366241,-0.252302800737528,0.292266473893295,-0.639080138602093,0.329676019193219
-0.452812659531215,-0.356056779126122,-1.44736267440192,1.61126232281308,-1.39061730232799
0.0455672009219114,-0.407933768320418,1.36784363547367,0.0016423677730604,-0.952932054595821
-0.195379069395822,-0.22117660722095,0.535440440859293,-0.342159952720925,1.08325583702773
0.0094107978130078,-0.0724625715306324,0.0210339722773752,0.353258377369181,0.858704275147749
-0.295749244426138,-0.0413363780140544,-1.12936594836946,0.353258377369181,1.26974781214839
-0.260749846216719,-0.241927402898669,1.38654932524028,-0.490620045661509,1.22027034936128
-0.0845958502701413,-0.210801209382091,0.0490925069272974,0.118847704305101,-0.602783856410089
0.0282121274296377,-0.210801209382091,0.142620955760374,0.165729838917917,-0.127039021918605
-0.226328950457043,-0.224635073167236,-0.418549737238083,0.111034015202965,-0.762634120799227
-0.264510112140045,-0.338764449394689,0.0210339722773752,-0.537502180274325,-0.0927853938352183
-0.0412081665394571,-0.217718141274663,-0.0257302521391634,1.56438018820027,-1.08614060825344
-0.230667718830111,-0.131256492617502,-0.484019651421235,-0.295277818108108,2.01571571263104
-0.504299377558293,-0.349139847233549,-1.19483586255261,0.400140511981997,-0.701738781984317
-0.348682218577573,-0.273053596415247,-0.493372496304543,-0.615639071295685,0.413407110063721
-0.516158677778014,-0.373349108857554,-0.998426120003154,-0.68596227321491,-0.241217782196561
-0.476531259970655,-0.338764449394689,-0.137964390738855,-0.654707516806365,-0.404874005261631
-0.452812659531215,-0.373349108857554,-0.85813344675354,-0.623452760397821,-0.465769344076541
-0.460333191377867,-0.300721323985538,-0.0631416316723939,-0.607825382193549,1.20885247333348
-0.514423170428786,-0.145090356402648,-0.951661895586615,-0.850049744359766,1.75310456399174
-0.448473891158146,-0.293804392092965,-0.23149283957193,-0.662521205908501,1.20504651465755
-0.392069902308257,-0.214259675328377,-0.119258700972239,-0.2718367508017,0.234527052294923
-0.394962414556969,0.0312914068579612,0.488676216442755,-0.389042087333741,0.630346754591837
-0.421862778469993,-0.366432176964981,-0.474666806537928,-0.701589651419182,1.87489524162156
-0.475952757520913,-0.383724506696413,-0.212787149805315,-0.693775962317046,0.268780680378309
-0.478556018544754,-0.169299618026653,-1.88694638391738,0.368885755573453,-0.709350699336181
-0.223436438208331,-0.394099904535273,-0.343726978171622,-0.139004036065388,-1.1051704016331
-0.152859139339751,0.0693345322671122,0.254855094360065,0.259494108143549,-0.7474102860955
-0.450498649732245,-0.359515245072408,-0.558842410487696,-0.771912853338406,0.451466696823039
-0.140132085445417,-0.0482533099066273,0.554146130625908,-0.185886170678204,0.94243536601825
-0.195668320620693,-0.37680757480384,1.07790544409113,-0.389042087333741,-0.720768575363977
-0.436903842163297,-0.210801209382091,0.170679490410296,-0.467178978355101,1.06422604364807
-0.310211805669699,-0.17275808397294,-0.783310687687079,0.68924700876103,-0.134650939270469
-0.343186445305019,-0.390641438588986,-0.689782238854003,-0.693775962317046,-0.119427104566741
-0.248601294772128,-0.224635073167236,-0.259551374221853,0.0641518805901485,2.09183488614967
0.0397821764244868,0.155796180924273,1.06855259920783,-0.435924221946557,0.43243690344338
0.25961310732662,-0.407933768320418,0.591557510159138,-0.529688491172189,-0.793081790206682
-0.406243212326947,-0.245385868844955,0.348383543193141,-0.553129558478597,0.934823448666387
0.29721576655988,-0.297262858039252,1.42396070477352,-0.23276830529102,0.116542333341035
-0.353020986950641,-0.352598313179835,-1.28836431138569,1.41592009525968,-1.48957222790221
-0.359384513897808,-0.331847517502116,0.123915265993758,-0.68596227321491,1.17079288657416
-0.525414716973893,-0.255761266683814,-0.85813344675354,-0.795353920644814,2.0347455060107
-0.208684625739898,-0.373349108857554,-0.278257063988468,-0.607825382193549,-0.149874773974196
-0.361409272471907,-0.401016836427845,-0.568195255371004,-0.373414709129469,-0.26024757557622
-0.31975709609045,-0.352598313179835,-0.0537887867890856,-0.654707516806365,0.242138969646786
-0.438350098287653,-0.0102101844974763,-0.69913508373731,-0.310905196312381,2.16414810099238
-0.292856732177425,-0.245385868844955,-0.66172370420408,-0.240581994393156,-0.203158195437242
-0.535827761069257,-0.0275025142289085,-0.89554482628677,-0.131190346963252,1.12512138246298
-0.394962414556969,-0.314555187770684,-0.568195255371004,-0.326532574516653,-1.30308025278155
-0.273187648886182,-0.290345926146679,0.264207939243373,0.0094560568751964,1.42198615918567
-0.507191889807005,-0.324930585609544,-0.89554482628677,-0.787540231542678,1.36109082037076
-0.407400217226432,-0.107047230993497,-0.119258700972239,-0.553129558478597,0.0899006226095116
-0.27260914643644,-0.290345926146679,-0.446608271888005,0.49390478120763,-0.751216244771432
-0.384260119236734,-0.228093539113523,-0.455961116771313,-0.185886170678204,-0.420097839965359
-0.37645033616521,-0.331847517502116,-1.31642284603561,-0.0530534559418918,-1.44390072379103
-0.425333793168448,-0.283428994254106,0.254855094360065,-0.771912853338406,1.71885093590835
0.117880007139718,-0.359515245072408,-0.0724944765557013,1.05649039656142,-1.24979683131851
-0.49880360428574,-0.0724625715306324,-1.12001310348615,-0.365601020027333,0.470496490202699
-0.43054031521613,-0.37680757480384,-1.22289439720254,0.0875929478965567,-1.21173724455919
0.246307550982544,-0.342222915340976,-0.455961116771313,1.12681359848065,-1.12039423633682
-0.367772799419074,-0.252302800737528,0.694438803875522,-0.709403340521317,1.48288149800058
-0.482027033243209,-0.27997052830782,-0.979720430236538,-0.529688491172189,0.771167225601316
0.407131232010946,-0.349139847233549,0.498029061326063,0.0719655696922845,-0.709350699336181
-0.40450770497772,-0.3871829726427,-0.240845684455238,-0.787540231542678,1.88250715897342
-0.504299377558293,-0.193508879650658,-1.07324887906961,-0.451551600150829,0.12796020936883
-0.405086207427462,-0.314555187770684,-0.811369222337002,0.275121486347821,-1.22696107926292
-0.34810371612783,-0.3871829726427,-0.0631416316723939,-0.779726542440542,0.344899853896947
0.0004440098419997,-0.324930585609544,-0.0070245623725478,-0.670334895010637,-0.861589046373456
0.0889548846525956,-0.342222915340976,0.123915265993758,1.49405698628104,-1.15464786442021
-0.481737782018337,-0.37680757480384,-0.268904219105161,-0.514061112967917,0.169825754804081
-0.460043940152995,-0.366432176964981,-0.549489565604389,0.204798284428597,-1.16225978177207
-0.484051791817307,-0.0136686504437627,-0.904897671170077,-0.795353920644814,1.46385170462092
-0.526571721873378,-0.335305983448403,-1.39124560510207,-0.810981298849086,2.00049187792731
-0.498514353060869,-0.0240440482826221,-1.22289439720254,-0.185886170678204,0.108930415989171
